Bat ID,Corr coef,tau [ms],with pulse or echo,first or last
D,0.633434585,-100,pulse direction,first
D,0.614575651,-90,pulse direction,first
D,0.627426174,-80,pulse direction,first
D,0.637129889,-70,pulse direction,first
D,0.632350127,-60,pulse direction,first
D,0.637634861,-50,pulse direction,first
D,0.639789596,-40,pulse direction,first
D,0.638323415,-30,pulse direction,first
D,0.628799886,-20,pulse direction,first
D,0.62469906,-10,pulse direction,first
D,0.563246997,0,pulse direction,first
D,0.515481497,10,pulse direction,first
D,0.505784261,20,pulse direction,first
D,0.492465502,30,pulse direction,first
D,0.475201025,40,pulse direction,first
D,0.453760868,50,pulse direction,first
D,0.428184188,60,pulse direction,first
D,0.398265823,70,pulse direction,first
D,0.36439109,80,pulse direction,first
D,0.326988872,90,pulse direction,first
D,0.286639896,100,pulse direction,first
D,0.244030333,110,pulse direction,first
D,0.199894094,120,pulse direction,first
D,0.155120904,130,pulse direction,first
D,0.134357021,140,pulse direction,first
D,0.090292903,150,pulse direction,first
D,-0.008502939,160,pulse direction,first
D,-0.057389405,170,pulse direction,first
D,-0.104850965,180,pulse direction,first
D,-0.157685336,190,pulse direction,first
D,-0.194625638,200,pulse direction,first
D,-0.300758324,210,pulse direction,first
D,-0.346600317,220,pulse direction,first
D,-0.383725935,230,pulse direction,first
D,-0.419424068,240,pulse direction,first
D,-0.460015483,250,pulse direction,first
D,-0.480920815,260,pulse direction,first
D,-0.518417522,270,pulse direction,first
D,-0.548433368,280,pulse direction,first
D,-0.588774689,290,pulse direction,first
D,-0.621632721,300,pulse direction,first
D,-0.637359121,310,pulse direction,first
D,-0.666998531,320,pulse direction,first
D,-0.6951537,330,pulse direction,first
D,-0.709769809,340,pulse direction,first
D,-0.734477398,350,pulse direction,first
D,-0.757544833,360,pulse direction,first
D,-0.779030366,370,pulse direction,first
D,-0.798734276,380,pulse direction,first
D,-0.809326703,390,pulse direction,first
D,-0.824245422,400,pulse direction,first
D,-0.837042271,410,pulse direction,first
D,-0.846252316,420,pulse direction,first
D,-0.852216784,430,pulse direction,first
D,-0.855769903,440,pulse direction,first
D,-0.85014611,450,pulse direction,first
D,-0.8455678,460,pulse direction,first
D,-0.837787308,470,pulse direction,first
D,-0.826606376,480,pulse direction,first
D,-0.811866432,490,pulse direction,first
D,-0.793462109,500,pulse direction,first
D,-0.761304741,510,pulse direction,first
D,-0.728579366,520,pulse direction,first
D,-0.69205477,530,pulse direction,first
D,-0.651920435,540,pulse direction,first
D,-0.592287818,550,pulse direction,first
D,-0.54309175,560,pulse direction,first
D,-0.491038727,570,pulse direction,first
D,-0.436625167,580,pulse direction,first
D,-0.380405342,590,pulse direction,first
D,-0.369824936,600,pulse direction,first
D,-0.239054645,-100,echo direction,first
D,-0.122446195,-90,echo direction,first
D,-0.105829244,-80,echo direction,first
D,-0.086285281,-70,echo direction,first
D,0.130695809,-60,echo direction,first
D,0.145158841,-50,echo direction,first
D,0.161115183,-40,echo direction,first
D,0.178496626,-30,echo direction,first
D,0.293091147,-20,echo direction,first
D,0.37861847,-10,echo direction,first
D,0.373609515,0,echo direction,first
D,0.373832234,10,echo direction,first
D,0.386551069,20,echo direction,first
D,0.399497979,30,echo direction,first
D,0.412421834,40,echo direction,first
D,0.425034245,50,echo direction,first
D,0.437048429,60,echo direction,first
D,0.448116961,70,echo direction,first
D,0.457978349,80,echo direction,first
D,0.46640831,90,echo direction,first
D,0.473257338,100,echo direction,first
D,0.47846093,110,echo direction,first
D,0.482038121,120,echo direction,first
D,0.483905642,130,echo direction,first
D,0.456937719,140,echo direction,first
D,0.451703201,150,echo direction,first
D,0.41892635,160,echo direction,first
D,0.410287351,170,echo direction,first
D,0.4014944,180,echo direction,first
D,0.386186414,190,echo direction,first
D,0.383977487,200,echo direction,first
D,0.338037275,210,echo direction,first
D,0.325860689,220,echo direction,first
D,0.303147747,230,echo direction,first
D,0.278193811,240,echo direction,first
D,0.265402766,250,echo direction,first
D,0.215069194,260,echo direction,first
D,0.199930726,270,echo direction,first
D,0.177349552,280,echo direction,first
D,0.170834743,290,echo direction,first
D,0.156815689,300,echo direction,first
D,0.107164603,310,echo direction,first
D,0.090700039,320,echo direction,first
D,0.074448543,330,echo direction,first
D,0.025946491,340,echo direction,first
D,0.007191847,350,echo direction,first
D,-0.011279747,360,echo direction,first
D,-0.029847686,370,echo direction,first
D,-0.048338567,380,echo direction,first
D,-0.096853078,390,echo direction,first
D,-0.11797087,400,echo direction,first
D,-0.139022176,410,echo direction,first
D,-0.179975837,420,echo direction,first
D,-0.202882498,430,echo direction,first
D,-0.225325729,440,echo direction,first
D,-0.254847707,450,echo direction,first
D,-0.278681357,460,echo direction,first
D,-0.302183689,470,echo direction,first
D,-0.325175681,480,echo direction,first
D,-0.347459293,490,echo direction,first
D,-0.368823886,500,echo direction,first
D,-0.35504761,510,echo direction,first
D,-0.372737669,520,echo direction,first
D,-0.389175942,530,echo direction,first
D,-0.404164865,540,echo direction,first
D,-0.373830536,550,echo direction,first
D,-0.383333002,560,echo direction,first
D,-0.391242816,570,echo direction,first
D,-0.397472021,580,echo direction,first
D,-0.401972827,590,echo direction,first
D,-0.361453412,600,echo direction,first
D,0.647773131,-100,pulse direction,last
D,0.647101399,-90,pulse direction,last
D,0.64262981,-80,pulse direction,last
D,0.634671594,-70,pulse direction,last
D,0.623592275,-60,pulse direction,last
D,0.609726421,-50,pulse direction,last
D,0.593573511,-40,pulse direction,last
D,0.575428393,-30,pulse direction,last
D,0.586066207,-20,pulse direction,last
D,0.562826012,-10,pulse direction,last
D,0.397491944,0,pulse direction,last
D,0.282964041,10,pulse direction,last
D,0.280501258,20,pulse direction,last
D,0.276042671,30,pulse direction,last
D,0.269715742,40,pulse direction,last
D,0.261665094,50,pulse direction,last
D,0.252042737,60,pulse direction,last
D,0.278689226,70,pulse direction,last
D,0.228762735,80,pulse direction,last
D,0.215280606,90,pulse direction,last
D,0.200774824,100,pulse direction,last
D,0.185273546,110,pulse direction,last
D,0.169019876,120,pulse direction,last
D,0.15201457,130,pulse direction,last
D,0.134321284,140,pulse direction,last
D,0.090107026,150,pulse direction,last
D,0.097230988,160,pulse direction,last
D,0.077773341,170,pulse direction,last
D,0.057793008,180,pulse direction,last
D,0.031069029,190,pulse direction,last
D,0.013871681,200,pulse direction,last
D,-0.004131837,210,pulse direction,last
D,0.002139692,220,pulse direction,last
D,-0.041212769,230,pulse direction,last
D,-0.060218505,240,pulse direction,last
D,-0.079523974,250,pulse direction,last
D,-0.106373577,260,pulse direction,last
D,-0.122897147,270,pulse direction,last
D,-0.139354802,280,pulse direction,last
D,-0.167424793,290,pulse direction,last
D,-0.180645695,300,pulse direction,last
D,-0.193839945,310,pulse direction,last
D,-0.206981583,320,pulse direction,last
D,-0.220038304,330,pulse direction,last
D,-0.23297048,340,pulse direction,last
D,-0.269433978,350,pulse direction,last
D,-0.302025414,360,pulse direction,last
D,-0.298723294,370,pulse direction,last
D,-0.309236481,380,pulse direction,last
D,-0.315106704,390,pulse direction,last
D,-0.321908258,400,pulse direction,last
D,-0.328085604,410,pulse direction,last
D,-0.333564473,420,pulse direction,last
D,-0.338261741,430,pulse direction,last
D,-0.342085274,440,pulse direction,last
D,-0.344121734,450,pulse direction,last
D,-0.350304744,460,pulse direction,last
D,-0.355619302,470,pulse direction,last
D,-0.359963625,480,pulse direction,last
D,-0.364205685,490,pulse direction,last
D,-0.370375036,500,pulse direction,last
D,-0.375713942,510,pulse direction,last
D,-0.379806491,520,pulse direction,last
D,-0.38269401,530,pulse direction,last
D,-0.384254795,540,pulse direction,last
D,-0.384829558,550,pulse direction,last
D,-0.383318372,560,pulse direction,last
D,-0.379807073,570,pulse direction,last
D,-0.372904352,580,pulse direction,last
D,-0.367641543,590,pulse direction,last
D,-0.360917621,600,pulse direction,last
D,-0.294714815,-100,echo direction,last
D,-0.271820502,-90,echo direction,last
D,-0.247978908,-80,echo direction,last
D,-0.223513347,-70,echo direction,last
D,-0.198718431,-60,echo direction,last
D,-0.174294814,-50,echo direction,last
D,-0.149513054,-40,echo direction,last
D,-0.125025047,-30,echo direction,last
D,0.012742119,-20,echo direction,last
D,0.020112019,-10,echo direction,last
D,-0.044156699,0,echo direction,last
D,-0.084896852,10,echo direction,last
D,-0.062819583,20,echo direction,last
D,-0.040618204,30,echo direction,last
D,-0.018463479,40,echo direction,last
D,0.00350145,50,echo direction,last
D,0.025162678,60,echo direction,last
D,0.033741713,70,echo direction,last
D,0.067235213,80,echo direction,last
D,0.087581316,90,echo direction,last
D,0.107424417,100,echo direction,last
D,0.126895388,110,echo direction,last
D,0.145741408,120,echo direction,last
D,0.164105497,130,echo direction,last
D,0.182008271,140,echo direction,last
D,0.177459664,150,echo direction,last
D,0.216645073,160,echo direction,last
D,0.233304824,170,echo direction,last
D,0.249585841,180,echo direction,last
D,0.31521038,190,echo direction,last
D,0.323243218,200,echo direction,last
D,0.33118974,210,echo direction,last
D,0.328525744,220,echo direction,last
D,0.345551161,230,echo direction,last
D,0.352031995,240,echo direction,last
D,0.358011707,250,echo direction,last
D,0.390140499,260,echo direction,last
D,0.389445091,270,echo direction,last
D,0.388188902,280,echo direction,last
D,0.409739099,290,echo direction,last
D,0.401814355,300,echo direction,last
D,0.393080137,310,echo direction,last
D,0.383497592,320,echo direction,last
D,0.373023462,330,echo direction,last
D,0.361610833,340,echo direction,last
D,0.353860436,350,echo direction,last
D,0.342393611,360,echo direction,last
D,0.304708967,370,echo direction,last
D,0.306476648,380,echo direction,last
D,0.2855047,390,echo direction,last
D,0.266717809,400,echo direction,last
D,0.246870101,410,echo direction,last
D,0.225916802,420,echo direction,last
D,0.20381695,430,echo direction,last
D,0.180535984,440,echo direction,last
D,0.151547163,450,echo direction,last
D,0.128421206,460,echo direction,last
D,0.104287281,470,echo direction,last
D,0.07914374,480,echo direction,last
D,0.057560006,490,echo direction,last
D,0.027243772,500,echo direction,last
D,-0.003945064,510,echo direction,last
D,-0.036286864,520,echo direction,last
D,-0.069545138,530,echo direction,last
D,-0.103627331,540,echo direction,last
D,-0.148155621,550,echo direction,last
D,-0.188843416,560,echo direction,last
D,-0.219174759,570,echo direction,last
D,-0.26614272,580,echo direction,last
D,-0.291417752,590,echo direction,last
D,-0.316275956,600,echo direction,last
F,0.636529454,-100,pulse direction,first
F,0.642120505,-90,pulse direction,first
F,0.673600796,-80,pulse direction,first
F,0.677315706,-70,pulse direction,first
F,0.70856327,-60,pulse direction,first
F,0.736223088,-50,pulse direction,first
F,0.760579332,-40,pulse direction,first
F,0.762792149,-30,pulse direction,first
F,0.786871386,-20,pulse direction,first
F,0.793077049,-10,pulse direction,first
F,0.806955444,0,pulse direction,first
F,0.821914103,10,pulse direction,first
F,0.840837139,20,pulse direction,first
F,0.85592278,30,pulse direction,first
F,0.867535231,40,pulse direction,first
F,0.87609012,50,pulse direction,first
F,0.881971125,60,pulse direction,first
F,0.885503832,70,pulse direction,first
F,0.886965049,80,pulse direction,first
F,0.886578188,90,pulse direction,first
F,0.884525022,100,pulse direction,first
F,0.880970984,110,pulse direction,first
F,0.875919046,120,pulse direction,first
F,0.871506896,130,pulse direction,first
F,0.861774442,140,pulse direction,first
F,0.852652471,150,pulse direction,first
F,0.842197004,160,pulse direction,first
F,0.830399732,170,pulse direction,first
F,0.817245836,180,pulse direction,first
F,0.802725207,190,pulse direction,first
F,0.786808275,200,pulse direction,first
F,0.772111875,210,pulse direction,first
F,0.750893869,220,pulse direction,first
F,0.73073976,230,pulse direction,first
F,0.709247612,240,pulse direction,first
F,0.686287859,250,pulse direction,first
F,0.661965344,260,pulse direction,first
F,0.636322942,270,pulse direction,first
F,0.609416353,280,pulse direction,first
F,0.581313957,290,pulse direction,first
F,0.552135859,300,pulse direction,first
F,0.521898286,310,pulse direction,first
F,0.490740002,320,pulse direction,first
F,0.458772364,330,pulse direction,first
F,0.426114114,340,pulse direction,first
F,0.392892169,350,pulse direction,first
F,0.359236784,360,pulse direction,first
F,0.32528314,370,pulse direction,first
F,0.291170221,380,pulse direction,first
F,0.257071901,390,pulse direction,first
F,0.223068959,400,pulse direction,first
F,0.18934726,410,pulse direction,first
F,0.156064436,420,pulse direction,first
F,0.123472808,430,pulse direction,first
F,0.09173422,440,pulse direction,first
F,0.060806839,450,pulse direction,first
F,0.03104767,460,pulse direction,first
F,0.002821558,470,pulse direction,first
F,-0.023886272,480,pulse direction,first
F,-0.027478144,490,pulse direction,first
F,-0.060013528,500,pulse direction,first
F,-0.094399525,510,pulse direction,first
F,-0.140542738,520,pulse direction,first
F,-0.162387465,530,pulse direction,first
F,-0.211456446,540,pulse direction,first
F,-0.233703604,550,pulse direction,first
F,-0.253855249,560,pulse direction,first
F,-0.277749071,570,pulse direction,first
F,-0.287022443,580,pulse direction,first
F,-0.299618978,590,pulse direction,first
F,-0.297751533,600,pulse direction,first
F,-0.56512318,-100,echo direction,first
F,-0.541798046,-90,echo direction,first
F,-0.50170416,-80,echo direction,first
F,-0.465299435,-70,echo direction,first
F,-0.423341935,-60,echo direction,first
F,-0.380366017,-50,echo direction,first
F,-0.336993734,-40,echo direction,first
F,-0.30915737,-30,echo direction,first
F,-0.264277974,-20,echo direction,first
F,-0.231984253,-10,echo direction,first
F,-0.191892775,0,echo direction,first
F,-0.151221773,10,echo direction,first
F,-0.105056997,20,echo direction,first
F,-0.059427408,30,echo direction,first
F,-0.014856714,40,echo direction,first
F,0.028347566,50,echo direction,first
F,0.070234599,60,echo direction,first
F,0.110661278,70,echo direction,first
F,0.14962316,80,echo direction,first
F,0.187147767,90,echo direction,first
F,0.223270208,100,echo direction,first
F,0.258024868,110,echo direction,first
F,0.291533061,120,echo direction,first
F,0.322291166,130,echo direction,first
F,0.354723924,140,echo direction,first
F,0.384608463,150,echo direction,first
F,0.41332548,160,echo direction,first
F,0.440873714,170,echo direction,first
F,0.46723873,180,echo direction,first
F,0.492399951,190,echo direction,first
F,0.516307789,200,echo direction,first
F,0.535966825,210,echo direction,first
F,0.560076904,220,echo direction,first
F,0.579913488,230,echo direction,first
F,0.598142644,240,echo direction,first
F,0.614926646,250,echo direction,first
F,0.630065117,260,echo direction,first
F,0.643479851,270,echo direction,first
F,0.655093578,280,echo direction,first
F,0.664831263,290,echo direction,first
F,0.672636956,300,echo direction,first
F,0.678415362,310,echo direction,first
F,0.682114164,320,echo direction,first
F,0.683674078,330,echo direction,first
F,0.683038012,340,echo direction,first
F,0.680156196,350,echo direction,first
F,0.674977242,360,echo direction,first
F,0.6674515,370,echo direction,first
F,0.657528808,380,echo direction,first
F,0.645187814,390,echo direction,first
F,0.630312876,400,echo direction,first
F,0.612876527,410,echo direction,first
F,0.592818675,420,echo direction,first
F,0.570099458,430,echo direction,first
F,0.544759008,440,echo direction,first
F,0.516481593,450,echo direction,first
F,0.485365003,460,echo direction,first
F,0.451446931,470,echo direction,first
F,0.414658019,480,echo direction,first
F,0.429094666,490,echo direction,first
F,0.415672441,500,echo direction,first
F,0.405516825,510,echo direction,first
F,0.416629067,520,echo direction,first
F,0.383396191,530,echo direction,first
F,0.396653381,540,echo direction,first
F,0.365682885,550,echo direction,first
F,0.333545781,560,echo direction,first
F,0.295350134,570,echo direction,first
F,0.265965395,580,echo direction,first
F,0.230530701,590,echo direction,first
F,0.185908883,600,echo direction,first
F,0.396349683,-100,pulse direction,last
F,0.492130278,-90,pulse direction,last
F,0.568295136,-80,pulse direction,last
F,0.388574078,-70,pulse direction,last
F,0.470005716,-60,pulse direction,last
F,0.486195043,-50,pulse direction,last
F,0.497706228,-40,pulse direction,last
F,0.583279668,-30,pulse direction,last
F,0.652934697,-20,pulse direction,last
F,0.713302286,-10,pulse direction,last
F,0.699878517,0,pulse direction,last
F,0.714436029,10,pulse direction,last
F,0.759151791,20,pulse direction,last
F,0.793639413,30,pulse direction,last
F,0.816617096,40,pulse direction,last
F,0.82798847,50,pulse direction,last
F,0.828670536,60,pulse direction,last
F,0.820211263,70,pulse direction,last
F,0.797784555,80,pulse direction,last
F,0.782844478,90,pulse direction,last
F,0.757033259,100,pulse direction,last
F,0.728033893,110,pulse direction,last
F,0.696638795,120,pulse direction,last
F,0.663387005,130,pulse direction,last
F,0.628621906,140,pulse direction,last
F,0.592544783,150,pulse direction,last
F,0.555259557,160,pulse direction,last
F,0.516914886,170,pulse direction,last
F,0.477309042,180,pulse direction,last
F,0.436534667,190,pulse direction,last
F,0.394587237,200,pulse direction,last
F,0.351476419,210,pulse direction,last
F,0.307235303,220,pulse direction,last
F,0.262111546,230,pulse direction,last
F,0.215853046,240,pulse direction,last
F,0.168759644,250,pulse direction,last
F,0.121008111,260,pulse direction,last
F,0.07280933,270,pulse direction,last
F,0.024407938,280,pulse direction,last
F,-0.023922415,290,pulse direction,last
F,-0.07152821,300,pulse direction,last
F,-0.118761461,310,pulse direction,last
F,-0.164640139,320,pulse direction,last
F,-0.209562686,330,pulse direction,last
F,-0.252819677,340,pulse direction,last
F,-0.294113565,350,pulse direction,last
F,-0.333117625,360,pulse direction,last
F,-0.369514676,370,pulse direction,last
F,-0.402981854,380,pulse direction,last
F,-0.433181412,390,pulse direction,last
F,-0.459748774,400,pulse direction,last
F,-0.482092881,410,pulse direction,last
F,-0.500116502,420,pulse direction,last
F,-0.513117524,430,pulse direction,last
F,-0.520494438,440,pulse direction,last
F,-0.52157784,450,pulse direction,last
F,-0.51565696,460,pulse direction,last
F,-0.502273111,470,pulse direction,last
F,-0.48028187,480,pulse direction,last
F,-0.449734221,490,pulse direction,last
F,-0.410574693,500,pulse direction,last
F,-0.399079756,510,pulse direction,last
F,-0.398275667,520,pulse direction,last
F,-0.345368332,530,pulse direction,last
F,-0.476928698,540,pulse direction,last
F,-0.439130921,550,pulse direction,last
F,-0.383708516,560,pulse direction,last
F,-0.320246339,570,pulse direction,last
F,-0.249941337,580,pulse direction,last
F,-0.374368336,590,pulse direction,last
F,-0.30839841,600,pulse direction,last
F,-0.085814372,-100,echo direction,last
F,-0.019167004,-90,echo direction,last
F,0.053082344,-80,echo direction,last
F,-0.013633832,-70,echo direction,last
F,0.058385083,-60,echo direction,last
F,0.09923076,-50,echo direction,last
F,0.135654844,-40,echo direction,last
F,0.206849091,-30,echo direction,last
F,0.285926138,-20,echo direction,last
F,0.363466317,-10,echo direction,last
F,0.380687438,0,echo direction,last
F,0.412980342,10,echo direction,last
F,0.481277639,20,echo direction,last
F,0.545404364,30,echo direction,last
F,0.603038055,40,echo direction,last
F,0.652683559,50,echo direction,last
F,0.693781399,60,echo direction,last
F,0.726566588,70,echo direction,last
F,0.742703012,80,echo direction,last
F,0.770449613,90,echo direction,last
F,0.783567106,100,echo direction,last
F,0.792050227,110,echo direction,last
F,0.796656809,120,echo direction,last
F,0.797976944,130,echo direction,last
F,0.796447325,140,echo direction,last
F,0.792375591,150,echo direction,last
F,0.785966679,160,echo direction,last
F,0.777294219,170,echo direction,last
F,0.766553108,180,echo direction,last
F,0.753702522,190,echo direction,last
F,0.738752477,200,echo direction,last
F,0.721704407,210,echo direction,last
F,0.702562921,220,echo direction,last
F,0.681322608,230,echo direction,last
F,0.658094811,240,echo direction,last
F,0.632887272,250,echo direction,last
F,0.605821732,260,echo direction,last
F,0.577043753,270,echo direction,last
F,0.546741,280,echo direction,last
F,0.515143624,290,echo direction,last
F,0.482618454,300,echo direction,last
F,0.449312729,310,echo direction,last
F,0.415694743,320,echo direction,last
F,0.382019827,330,echo direction,last
F,0.34874248,340,echo direction,last
F,0.316262172,350,echo direction,last
F,0.285004778,360,echo direction,last
F,0.255403147,370,echo direction,last
F,0.227899328,380,echo direction,last
F,0.202944824,390,echo direction,last
F,0.181001842,400,echo direction,last
F,0.162688897,410,echo direction,last
F,0.148216694,420,echo direction,last
F,0.138208453,430,echo direction,last
F,0.133154556,440,echo direction,last
F,0.133520434,450,echo direction,last
F,0.139709749,460,echo direction,last
F,0.152191567,470,echo direction,last
F,0.17084222,480,echo direction,last
F,0.195399553,490,echo direction,last
F,0.225508289,500,echo direction,last
F,0.165379595,510,echo direction,last
F,0.040287236,520,echo direction,last
F,0.061758097,530,echo direction,last
F,-0.136035274,540,echo direction,last
F,-0.105488346,550,echo direction,last
F,-0.085433827,560,echo direction,last
F,-0.057473018,570,echo direction,last
F,-0.022113373,580,echo direction,last
F,-0.133885661,590,echo direction,last
F,-0.098843482,600,echo direction,last
G,0.269729584,-100,pulse direction,first
G,0.296100283,-90,pulse direction,first
G,0.322080527,-80,pulse direction,first
G,0.348064322,-70,pulse direction,first
G,0.373530334,-60,pulse direction,first
G,0.398437238,-50,pulse direction,first
G,0.424083385,-40,pulse direction,first
G,0.455581446,-30,pulse direction,first
G,0.470235457,-20,pulse direction,first
G,0.492539219,-10,pulse direction,first
G,0.513097571,0,pulse direction,first
G,0.533825861,10,pulse direction,first
G,0.554925784,20,pulse direction,first
G,0.574996572,30,pulse direction,first
G,0.59409196,40,pulse direction,first
G,0.613423844,50,pulse direction,first
G,0.629488995,60,pulse direction,first
G,0.646024123,70,pulse direction,first
G,0.661817158,80,pulse direction,first
G,0.676916918,90,pulse direction,first
G,0.691339217,100,pulse direction,first
G,0.705176016,110,pulse direction,first
G,0.718426273,120,pulse direction,first
G,0.731112147,130,pulse direction,first
G,0.743249532,140,pulse direction,first
G,0.754848483,150,pulse direction,first
G,0.765913666,160,pulse direction,first
G,0.776444833,170,pulse direction,first
G,0.78643729,180,pulse direction,first
G,0.795882345,190,pulse direction,first
G,0.804794455,200,pulse direction,first
G,0.813094896,210,pulse direction,first
G,0.820816765,220,pulse direction,first
G,0.827855438,230,pulse direction,first
G,0.834329718,240,pulse direction,first
G,0.840143323,250,pulse direction,first
G,0.845248392,260,pulse direction,first
G,0.849657494,270,pulse direction,first
G,0.853326799,280,pulse direction,first
G,0.8561807,290,pulse direction,first
G,0.856025616,300,pulse direction,first
G,0.859534945,310,pulse direction,first
G,0.859977632,320,pulse direction,first
G,0.859540786,330,pulse direction,first
G,0.858203596,340,pulse direction,first
G,0.855942516,350,pulse direction,first
G,0.852735715,360,pulse direction,first
G,0.849405303,370,pulse direction,first
G,0.843446386,380,pulse direction,first
G,0.837295412,390,pulse direction,first
G,0.830341407,400,pulse direction,first
G,0.822168404,410,pulse direction,first
G,0.81296838,420,pulse direction,first
G,0.802738027,430,pulse direction,first
G,0.791477387,440,pulse direction,first
G,0.77918994,450,pulse direction,first
G,0.765882663,460,pulse direction,first
G,0.751565744,470,pulse direction,first
G,0.736255334,480,pulse direction,first
G,0.719967421,490,pulse direction,first
G,0.702722903,500,pulse direction,first
G,0.681585246,510,pulse direction,first
G,0.665509808,520,pulse direction,first
G,0.704214887,530,pulse direction,first
G,0.675446715,540,pulse direction,first
G,0.674017469,550,pulse direction,first
G,0.654888,560,pulse direction,first
G,0.634925081,570,pulse direction,first
G,0.61414613,580,pulse direction,first
G,0.592570412,590,pulse direction,first
G,0.590419684,600,pulse direction,first
G,-0.698189576,-100,echo direction,first
G,-0.675298406,-90,echo direction,first
G,-0.643221933,-80,echo direction,first
G,-0.619782356,-70,echo direction,first
G,-0.594797574,-60,echo direction,first
G,-0.568547638,-50,echo direction,first
G,-0.534041152,-40,echo direction,first
G,-0.503731454,-30,echo direction,first
G,-0.482132457,-20,echo direction,first
G,-0.455427685,-10,echo direction,first
G,-0.428023086,0,echo direction,first
G,-0.399795928,10,echo direction,first
G,-0.369313166,20,echo direction,first
G,-0.33823649,30,echo direction,first
G,-0.306779296,40,echo direction,first
G,-0.277190879,50,echo direction,first
G,-0.243571731,60,echo direction,first
G,-0.211866067,70,echo direction,first
G,-0.180272647,80,echo direction,first
G,-0.148848043,90,echo direction,first
G,-0.117765956,100,echo direction,first
G,-0.08678063,110,echo direction,first
G,-0.056042915,120,echo direction,first
G,-0.025559948,130,echo direction,first
G,0.004666555,140,echo direction,first
G,0.034638445,150,echo direction,first
G,0.064359635,160,echo direction,first
G,0.093834916,170,echo direction,first
G,0.123069007,180,echo direction,first
G,0.152065822,190,echo direction,first
G,0.18072355,200,echo direction,first
G,0.209214572,210,echo direction,first
G,0.237513558,220,echo direction,first
G,0.265500708,230,echo direction,first
G,0.293315852,240,echo direction,first
G,0.320877008,250,echo direction,first
G,0.348161726,260,echo direction,first
G,0.375174246,270,echo direction,first
G,0.401890005,280,echo direction,first
G,0.42827883,290,echo direction,first
G,0.449049755,300,echo direction,first
G,0.480037296,310,echo direction,first
G,0.505347456,320,echo direction,first
G,0.530243914,330,echo direction,first
G,0.554692739,340,echo direction,first
G,0.57866196,350,echo direction,first
G,0.602118203,360,echo direction,first
G,0.627425709,370,echo direction,first
G,0.647276637,380,echo direction,first
G,0.668986078,390,echo direction,first
G,0.689819856,400,echo direction,first
G,0.710186482,410,echo direction,first
G,0.729826099,420,echo direction,first
G,0.74870304,430,echo direction,first
G,0.766782457,440,echo direction,first
G,0.784030614,450,echo direction,first
G,0.800415151,460,echo direction,first
G,0.815885915,470,echo direction,first
G,0.830451319,480,echo direction,first
G,0.844066986,490,echo direction,first
G,0.856708538,500,echo direction,first
G,0.867711205,510,echo direction,first
G,0.87898122,520,echo direction,first
G,0.889493036,530,echo direction,first
G,0.897351663,540,echo direction,first
G,0.904682835,550,echo direction,first
G,0.909894946,560,echo direction,first
G,0.914162937,570,echo direction,first
G,0.917474397,580,echo direction,first
G,0.919817966,590,echo direction,first
G,0.919659985,600,echo direction,first
G,0.6963647,-100,pulse direction,last
G,0.700407106,-90,pulse direction,last
G,0.717997104,-80,pulse direction,last
G,0.730862357,-70,pulse direction,last
G,0.739481106,-60,pulse direction,last
G,0.744379843,-50,pulse direction,last
G,0.746075893,-40,pulse direction,last
G,0.745040684,-30,pulse direction,last
G,0.699511321,-20,pulse direction,last
G,0.705918461,-10,pulse direction,last
G,0.685859014,0,pulse direction,last
G,0.674140922,10,pulse direction,last
G,0.679147222,20,pulse direction,last
G,0.679478755,30,pulse direction,last
G,0.675747652,40,pulse direction,last
G,0.668335662,50,pulse direction,last
G,0.657850955,60,pulse direction,last
G,0.644756448,70,pulse direction,last
G,0.629446309,80,pulse direction,last
G,0.612244256,90,pulse direction,last
G,0.593408278,100,pulse direction,last
G,0.573384295,110,pulse direction,last
G,0.551835383,120,pulse direction,last
G,0.529117283,130,pulse direction,last
G,0.505313033,140,pulse direction,last
G,0.480483179,150,pulse direction,last
G,0.454672424,160,pulse direction,last
G,0.427915275,170,pulse direction,last
G,0.400240786,180,pulse direction,last
G,0.37167653,190,pulse direction,last
G,0.366559693,200,pulse direction,last
G,0.337203412,210,pulse direction,last
G,0.306888342,220,pulse direction,last
G,0.27564556,230,pulse direction,last
G,0.243688366,240,pulse direction,last
G,0.210719783,250,pulse direction,last
G,0.176990845,260,pulse direction,last
G,0.142605974,270,pulse direction,last
G,0.134756884,280,pulse direction,last
G,0.100048992,290,pulse direction,last
G,0.064780665,300,pulse direction,last
G,0.075237749,310,pulse direction,last
G,0.039465926,320,pulse direction,last
G,0.003254358,330,pulse direction,last
G,-0.033406638,340,pulse direction,last
G,-0.070281898,350,pulse direction,last
G,-0.107204132,360,pulse direction,last
G,-0.143798451,370,pulse direction,last
G,-0.170526827,380,pulse direction,last
G,-0.206264509,390,pulse direction,last
G,-0.240759931,400,pulse direction,last
G,-0.275952904,410,pulse direction,last
G,-0.290913707,420,pulse direction,last
G,-0.32308931,430,pulse direction,last
G,-0.354279379,440,pulse direction,last
G,-0.384335089,450,pulse direction,last
G,-0.413118487,460,pulse direction,last
G,-0.440504595,470,pulse direction,last
G,-0.46413614,480,pulse direction,last
G,-0.483815321,490,pulse direction,last
G,-0.505905005,500,pulse direction,last
G,-0.528250064,510,pulse direction,last
G,-0.546303431,520,pulse direction,last
G,-0.562979392,530,pulse direction,last
G,-0.60899155,540,pulse direction,last
G,-0.624972846,550,pulse direction,last
G,-0.639382583,560,pulse direction,last
G,-0.652201334,570,pulse direction,last
G,-0.663420053,580,pulse direction,last
G,-0.672999052,590,pulse direction,last
G,-0.681023317,600,pulse direction,last
G,0.081022726,-100,echo direction,last
G,0.11138884,-90,echo direction,last
G,0.157334762,-80,echo direction,last
G,0.201554379,-70,echo direction,last
G,0.243700535,-60,echo direction,last
G,0.283592713,-50,echo direction,last
G,0.321180102,-40,echo direction,last
G,0.356503246,-30,echo direction,last
G,0.375060826,-20,echo direction,last
G,0.410384484,-10,echo direction,last
G,0.429264183,0,echo direction,last
G,0.452352075,10,echo direction,last
G,0.486031894,20,echo direction,last
G,0.516565064,30,echo direction,last
G,0.544057999,40,echo direction,last
G,0.568560064,50,echo direction,last
G,0.590336253,60,echo direction,last
G,0.609620046,70,echo direction,last
G,0.626643254,80,echo direction,last
G,0.641620175,90,echo direction,last
G,0.65473858,100,echo direction,last
G,0.666069795,110,echo direction,last
G,0.675919169,120,echo direction,last
G,0.684288736,130,echo direction,last
G,0.691246467,140,echo direction,last
G,0.696835606,150,echo direction,last
G,0.701077795,160,echo direction,last
G,0.703976175,170,echo direction,last
G,0.705518359,180,echo direction,last
G,0.705679243,190,echo direction,last
G,0.703904047,200,echo direction,last
G,0.699850913,210,echo direction,last
G,0.694366524,220,echo direction,last
G,0.687398048,230,echo direction,last
G,0.678883384,240,echo direction,last
G,0.668793146,250,echo direction,last
G,0.657069257,260,echo direction,last
G,0.643674107,270,echo direction,last
G,0.623111348,280,echo direction,last
G,0.605427493,290,echo direction,last
G,0.586038231,300,echo direction,last
G,0.559830551,310,echo direction,last
G,0.536444443,320,echo direction,last
G,0.511436931,330,echo direction,last
G,0.484772512,340,echo direction,last
G,0.456554521,350,echo direction,last
G,0.426867106,360,echo direction,last
G,0.395911894,370,echo direction,last
G,0.361270829,380,echo direction,last
G,0.327578222,390,echo direction,last
G,0.297397964,400,echo direction,last
G,0.257496608,410,echo direction,last
G,0.221592994,420,echo direction,last
G,0.184678836,430,echo direction,last
G,0.147362349,440,echo direction,last
G,0.109829615,450,echo direction,last
G,0.072269869,460,echo direction,last
G,0.034872304,470,echo direction,last
G,0.029483942,480,echo direction,last
G,0.059926131,490,echo direction,last
G,0.017706769,500,echo direction,last
G,0.035344311,510,echo direction,last
G,-0.007854433,520,echo direction,last
G,-0.050945293,530,echo direction,last
G,-0.104152262,540,echo direction,last
G,-0.147803807,550,echo direction,last
G,-0.19096101,560,echo direction,last
G,-0.233488533,570,echo direction,last
G,-0.275255493,580,echo direction,last
G,-0.316149916,590,echo direction,last
G,-0.356026162,600,echo direction,last
H,-0.078277561,-100,pulse direction,first
H,-0.042743149,-90,pulse direction,first
H,0.02019902,-80,pulse direction,first
H,0.060734117,-70,pulse direction,first
H,0.125204843,-60,pulse direction,first
H,0.167075774,-50,pulse direction,first
H,0.230899002,-40,pulse direction,first
H,0.263593811,-30,pulse direction,first
H,0.301183637,-20,pulse direction,first
H,0.362385538,-10,pulse direction,first
H,0.40496084,0,pulse direction,first
H,0.447701512,10,pulse direction,first
H,0.501847282,20,pulse direction,first
H,0.551513836,30,pulse direction,first
H,0.596712957,40,pulse direction,first
H,0.637044396,50,pulse direction,first
H,0.673014779,60,pulse direction,first
H,0.704733717,70,pulse direction,first
H,0.732350631,80,pulse direction,first
H,0.756551533,90,pulse direction,first
H,0.777705841,100,pulse direction,first
H,0.796039125,110,pulse direction,first
H,0.812128403,120,pulse direction,first
H,0.825536879,130,pulse direction,first
H,0.836723908,140,pulse direction,first
H,0.846092871,150,pulse direction,first
H,0.853797745,160,pulse direction,first
H,0.859301557,170,pulse direction,first
H,0.864711608,180,pulse direction,first
H,0.868045884,190,pulse direction,first
H,0.872340319,200,pulse direction,first
H,0.876681732,210,pulse direction,first
H,0.878723176,220,pulse direction,first
H,0.879467764,230,pulse direction,first
H,0.878851991,240,pulse direction,first
H,0.876805861,250,pulse direction,first
H,0.884167853,260,pulse direction,first
H,0.880883844,270,pulse direction,first
H,0.875546397,280,pulse direction,first
H,0.868542393,290,pulse direction,first
H,0.859643634,300,pulse direction,first
H,0.848697987,310,pulse direction,first
H,0.836425102,320,pulse direction,first
H,0.821801468,330,pulse direction,first
H,0.833547063,340,pulse direction,first
H,0.831485448,350,pulse direction,first
H,0.813080788,360,pulse direction,first
H,0.791880421,370,pulse direction,first
H,0.776589125,380,pulse direction,first
H,0.750857107,390,pulse direction,first
H,0.7220279,400,pulse direction,first
H,0.697032079,410,pulse direction,first
H,0.66325986,420,pulse direction,first
H,0.626115153,430,pulse direction,first
H,0.587335707,440,pulse direction,first
H,0.560629496,450,pulse direction,first
H,0.517617622,460,pulse direction,first
H,0.474166817,470,pulse direction,first
H,0.427106703,480,pulse direction,first
H,0.378389837,490,pulse direction,first
H,0.309823271,500,pulse direction,first
H,0.229862049,510,pulse direction,first
H,0.179958096,520,pulse direction,first
H,0.094366381,530,pulse direction,first
H,0.04661437,540,pulse direction,first
H,-0.034838058,550,pulse direction,first
H,-0.079376195,560,pulse direction,first
H,-0.123120486,570,pulse direction,first
H,-0.248630054,580,pulse direction,first
H,-0.287705315,590,pulse direction,first
H,-0.40133957,600,pulse direction,first
H,-0.76445451,-100,echo direction,first
H,-0.690353504,-90,echo direction,first
H,-0.672053167,-80,echo direction,first
H,-0.597601992,-70,echo direction,first
H,-0.575955077,-60,echo direction,first
H,-0.50458242,-50,echo direction,first
H,-0.480806539,-40,echo direction,first
H,-0.410987422,-30,echo direction,first
H,-0.340385028,-20,echo direction,first
H,-0.319990051,-10,echo direction,first
H,-0.276672844,0,echo direction,first
H,-0.237648673,10,echo direction,first
H,-0.21457567,20,echo direction,first
H,-0.189696313,30,echo direction,first
H,-0.162827266,40,echo direction,first
H,-0.135180211,50,echo direction,first
H,-0.106614403,60,echo direction,first
H,-0.077743282,70,echo direction,first
H,-0.049116809,80,echo direction,first
H,-0.020322353,90,echo direction,first
H,0.008278696,100,echo direction,first
H,0.036610766,110,echo direction,first
H,0.077241168,120,echo direction,first
H,0.116036397,130,echo direction,first
H,0.141338447,140,echo direction,first
H,0.166369805,150,echo direction,first
H,0.191207965,160,echo direction,first
H,0.248693643,170,echo direction,first
H,0.27080683,180,echo direction,first
H,0.330503117,190,echo direction,first
H,0.369441955,200,echo direction,first
H,0.406636837,210,echo direction,first
H,0.422742587,220,echo direction,first
H,0.43863979,230,echo direction,first
H,0.454318198,240,echo direction,first
H,0.469785598,250,echo direction,first
H,0.522959489,260,echo direction,first
H,0.53524552,270,echo direction,first
H,0.579116827,280,echo direction,first
H,0.58773282,290,echo direction,first
H,0.595493044,300,echo direction,first
H,0.602508434,310,echo direction,first
H,0.635041691,320,echo direction,first
H,0.637559879,330,echo direction,first
H,0.662955754,340,echo direction,first
H,0.670133102,350,echo direction,first
H,0.664023478,360,echo direction,first
H,0.655970132,370,echo direction,first
H,0.647774094,380,echo direction,first
H,0.634661956,390,echo direction,first
H,0.619200933,400,echo direction,first
H,0.596109168,410,echo direction,first
H,0.577267968,420,echo direction,first
H,0.547072748,430,echo direction,first
H,0.52492306,440,echo direction,first
H,0.490571339,450,echo direction,first
H,0.459576832,460,echo direction,first
H,0.428705332,470,echo direction,first
H,0.402717722,480,echo direction,first
H,0.374891901,490,echo direction,first
H,0.328767297,500,echo direction,first
H,0.27751824,510,echo direction,first
H,0.252086628,520,echo direction,first
H,0.198373144,530,echo direction,first
H,0.175498343,540,echo direction,first
H,0.12194749,550,echo direction,first
H,0.102195706,560,echo direction,first
H,0.082391066,570,echo direction,first
H,0.008429984,580,echo direction,first
H,-0.005987406,590,echo direction,first
H,-0.077717609,600,echo direction,first
H,0.360320996,-100,pulse direction,last
H,0.42630906,-90,pulse direction,last
H,0.456719293,-80,pulse direction,last
H,0.510808824,-70,pulse direction,last
H,0.559657197,-60,pulse direction,last
H,0.603335955,-50,pulse direction,last
H,0.643365179,-40,pulse direction,last
H,0.664454804,-30,pulse direction,last
H,0.704926892,-20,pulse direction,last
H,0.740500569,-10,pulse direction,last
H,0.758166612,0,pulse direction,last
H,0.781606414,10,pulse direction,last
H,0.813071864,20,pulse direction,last
H,0.839419672,30,pulse direction,last
H,0.861241407,40,pulse direction,last
H,0.879040699,50,pulse direction,last
H,0.893223881,60,pulse direction,last
H,0.904101417,70,pulse direction,last
H,0.911894816,80,pulse direction,last
H,0.916745813,90,pulse direction,last
H,0.918398035,100,pulse direction,last
H,0.917876872,110,pulse direction,last
H,0.914123724,120,pulse direction,last
H,0.907388145,130,pulse direction,last
H,0.897551237,140,pulse direction,last
H,0.884468332,150,pulse direction,last
H,0.867978657,160,pulse direction,last
H,0.847843813,170,pulse direction,last
H,0.824039519,180,pulse direction,last
H,0.804779232,190,pulse direction,last
H,0.778388256,200,pulse direction,last
H,0.745658772,210,pulse direction,last
H,0.709000242,220,pulse direction,last
H,0.668386765,230,pulse direction,last
H,0.635496897,240,pulse direction,last
H,0.602610741,250,pulse direction,last
H,0.554482854,260,pulse direction,last
H,0.547061339,270,pulse direction,last
H,0.496871972,280,pulse direction,last
H,0.500355032,290,pulse direction,last
H,0.449127066,300,pulse direction,last
H,0.39516609,310,pulse direction,last
H,0.338699429,320,pulse direction,last
H,0.280003931,330,pulse direction,last
H,0.22014969,340,pulse direction,last
H,0.207000475,350,pulse direction,last
H,0.147557038,360,pulse direction,last
H,0.064518999,370,pulse direction,last
H,0.063192446,380,pulse direction,last
H,0.005146524,390,pulse direction,last
H,-0.053427071,400,pulse direction,last
H,-0.112262374,410,pulse direction,last
H,-0.171074494,420,pulse direction,last
H,-0.229561391,430,pulse direction,last
H,-0.2827001,440,pulse direction,last
H,-0.336098909,450,pulse direction,last
H,-0.420392653,460,pulse direction,last
H,-0.468284861,470,pulse direction,last
H,-0.515060646,480,pulse direction,last
H,-0.582842854,490,pulse direction,last
H,-0.622113589,500,pulse direction,last
H,-0.69144439,510,pulse direction,last
H,-0.722198406,520,pulse direction,last
H,-0.751539606,530,pulse direction,last
H,-0.779277825,540,pulse direction,last
H,-0.805184001,550,pulse direction,last
H,-0.831756876,560,pulse direction,last
H,-0.850439304,570,pulse direction,last
H,-0.873490712,580,pulse direction,last
H,-0.883949406,590,pulse direction,last
H,-0.89314808,600,pulse direction,last
H,-0.502548146,-100,echo direction,last
H,-0.446331588,-90,echo direction,last
H,-0.406460612,-80,echo direction,last
H,-0.35354663,-70,echo direction,last
H,-0.301503893,-60,echo direction,last
H,-0.251241217,-50,echo direction,last
H,-0.201932295,-40,echo direction,last
H,-0.150068806,-30,echo direction,last
H,-0.107204216,-20,echo direction,last
H,-0.065050486,-10,echo direction,last
H,-0.023554757,0,echo direction,last
H,0.016718725,10,echo direction,last
H,0.055959543,20,echo direction,last
H,0.094265256,30,echo direction,last
H,0.131612681,40,echo direction,last
H,0.168037847,50,echo direction,last
H,0.203608779,60,echo direction,last
H,0.238405617,70,echo direction,last
H,0.272506532,80,echo direction,last
H,0.305977862,90,echo direction,last
H,0.365387624,100,echo direction,last
H,0.370592338,110,echo direction,last
H,0.4023511,120,echo direction,last
H,0.433516011,130,echo direction,last
H,0.464019009,140,echo direction,last
H,0.493756832,150,echo direction,last
H,0.522589923,160,echo direction,last
H,0.550192202,170,echo direction,last
H,0.576611567,180,echo direction,last
H,0.611554337,190,echo direction,last
H,0.634890509,200,echo direction,last
H,0.651481835,210,echo direction,last
H,0.665880335,220,echo direction,last
H,0.677817109,230,echo direction,last
H,0.699789396,240,echo direction,last
H,0.714483093,250,echo direction,last
H,0.711045902,260,echo direction,last
H,0.715737704,270,echo direction,last
H,0.699639449,280,echo direction,last
H,0.68691425,290,echo direction,last
H,0.658469485,300,echo direction,last
H,0.62671948,310,echo direction,last
H,0.591719726,320,echo direction,last
H,0.553572699,330,echo direction,last
H,0.51296292,340,echo direction,last
H,0.493703053,350,echo direction,last
H,0.451198961,360,echo direction,last
H,0.392777043,370,echo direction,last
H,0.395631382,380,echo direction,last
H,0.351312268,390,echo direction,last
H,0.305103421,400,echo direction,last
H,0.2571802,410,echo direction,last
H,0.207742545,420,echo direction,last
H,0.15701515,430,echo direction,last
H,0.143553516,440,echo direction,last
H,0.095833041,450,echo direction,last
H,0.090039358,460,echo direction,last
H,0.046314415,470,echo direction,last
H,0.001849392,480,echo direction,last
H,0.002385289,490,echo direction,last
H,-0.03715291,500,echo direction,last
H,-0.03186776,510,echo direction,last
H,-0.065188481,520,echo direction,last
H,-0.099224373,530,echo direction,last
H,-0.1339318,540,echo direction,last
H,-0.169238044,550,echo direction,last
H,-0.213964509,560,echo direction,last
H,-0.253117104,570,echo direction,last
H,-0.299401547,580,echo direction,last
H,-0.33029697,590,echo direction,last
H,-0.390216565,600,echo direction,last
I,0.28380474,-100,pulse direction,fisrt
I,0.339991941,-90,pulse direction,fisrt
I,0.366099555,-80,pulse direction,fisrt
I,0.419274152,-70,pulse direction,fisrt
I,0.471497303,-60,pulse direction,fisrt
I,0.522051879,-50,pulse direction,fisrt
I,0.569948584,-40,pulse direction,fisrt
I,0.615377048,-30,pulse direction,fisrt
I,0.613549062,-20,pulse direction,fisrt
I,0.656017381,-10,pulse direction,fisrt
I,0.669631757,0,pulse direction,fisrt
I,0.687061988,10,pulse direction,fisrt
I,0.724592518,20,pulse direction,fisrt
I,0.759174846,30,pulse direction,fisrt
I,0.790509995,40,pulse direction,fisrt
I,0.818403579,50,pulse direction,fisrt
I,0.842764266,60,pulse direction,fisrt
I,0.86359438,70,pulse direction,fisrt
I,0.880974866,80,pulse direction,fisrt
I,0.895036914,90,pulse direction,fisrt
I,0.90598741,100,pulse direction,fisrt
I,0.914020015,110,pulse direction,fisrt
I,0.919351886,120,pulse direction,fisrt
I,0.922197483,130,pulse direction,fisrt
I,0.922759619,140,pulse direction,fisrt
I,0.921223594,150,pulse direction,fisrt
I,0.922597421,160,pulse direction,fisrt
I,0.912639661,170,pulse direction,fisrt
I,0.905745134,180,pulse direction,fisrt
I,0.897222645,190,pulse direction,fisrt
I,0.887185475,200,pulse direction,fisrt
I,0.875683966,210,pulse direction,fisrt
I,0.862749646,220,pulse direction,fisrt
I,0.848397198,230,pulse direction,fisrt
I,0.8326265,240,pulse direction,fisrt
I,0.815424709,250,pulse direction,fisrt
I,0.796898398,260,pulse direction,fisrt
I,0.776771786,270,pulse direction,fisrt
I,0.7551207,280,pulse direction,fisrt
I,0.731903201,290,pulse direction,fisrt
I,0.707076119,300,pulse direction,fisrt
I,0.680597747,310,pulse direction,fisrt
I,0.652580102,320,pulse direction,fisrt
I,0.629812384,330,pulse direction,fisrt
I,0.607412456,340,pulse direction,fisrt
I,0.576246108,350,pulse direction,fisrt
I,0.568728172,360,pulse direction,fisrt
I,0.536886774,370,pulse direction,fisrt
I,0.50336377,380,pulse direction,fisrt
I,0.507511483,390,pulse direction,fisrt
I,0.473878379,400,pulse direction,fisrt
I,0.438568953,410,pulse direction,fisrt
I,0.401587398,420,pulse direction,fisrt
I,0.362959149,430,pulse direction,fisrt
I,0.32273374,440,pulse direction,fisrt
I,0.316362255,450,pulse direction,fisrt
I,0.276210328,460,pulse direction,fisrt
I,0.234681976,470,pulse direction,fisrt
I,0.227941145,480,pulse direction,fisrt
I,0.187482523,490,pulse direction,fisrt
I,0.145418355,500,pulse direction,fisrt
I,0.102359955,510,pulse direction,fisrt
I,0.058407021,520,pulse direction,fisrt
I,0.046166987,530,pulse direction,fisrt
I,0.003863376,540,pulse direction,fisrt
I,-0.002619084,550,pulse direction,fisrt
I,-0.05714824,560,pulse direction,fisrt
I,-0.097723207,570,pulse direction,fisrt
I,-0.11527857,580,pulse direction,fisrt
I,-0.15307755,590,pulse direction,fisrt
I,-0.190903799,600,pulse direction,fisrt
I,-0.619117843,-100,echo direction,fisrt
I,-0.615953241,-90,echo direction,fisrt
I,-0.511479084,-80,echo direction,fisrt
I,-0.510681893,-70,echo direction,fisrt
I,-0.506912438,-60,echo direction,fisrt
I,-0.500154066,-50,echo direction,fisrt
I,-0.490728017,-40,echo direction,fisrt
I,-0.478360645,-30,echo direction,fisrt
I,-0.363351814,-20,echo direction,fisrt
I,-0.356891317,-10,echo direction,fisrt
I,-0.292418999,0,echo direction,fisrt
I,-0.24044131,10,echo direction,fisrt
I,-0.236949343,20,echo direction,fisrt
I,-0.231786121,30,echo direction,fisrt
I,-0.225001939,40,echo direction,fisrt
I,-0.216680404,50,echo direction,fisrt
I,-0.206930474,60,echo direction,fisrt
I,-0.195877521,70,echo direction,fisrt
I,-0.183654507,80,echo direction,fisrt
I,-0.170361191,90,echo direction,fisrt
I,-0.156193503,100,echo direction,fisrt
I,-0.141230331,110,echo direction,fisrt
I,-0.125573299,120,echo direction,fisrt
I,-0.109309052,130,echo direction,fisrt
I,-0.092509182,140,echo direction,fisrt
I,-0.075240141,150,echo direction,fisrt
I,-0.052687976,160,echo direction,fisrt
I,-0.0393949,170,echo direction,fisrt
I,-0.021188923,180,echo direction,fisrt
I,-0.002347729,190,echo direction,fisrt
I,0.0168437,200,echo direction,fisrt
I,0.036379142,210,echo direction,fisrt
I,0.056254831,220,echo direction,fisrt
I,0.076467915,230,echo direction,fisrt
I,0.097015002,240,echo direction,fisrt
I,0.117890759,250,echo direction,fisrt
I,0.138614304,260,echo direction,fisrt
I,0.160110059,270,echo direction,fisrt
I,0.181895139,280,echo direction,fisrt
I,0.203943598,290,echo direction,fisrt
I,0.226221305,300,echo direction,fisrt
I,0.248684877,310,echo direction,fisrt
I,0.271319813,320,echo direction,fisrt
I,0.293085574,330,echo direction,fisrt
I,0.311809467,340,echo direction,fisrt
I,0.330854796,350,echo direction,fisrt
I,0.347428962,360,echo direction,fisrt
I,0.362605601,370,echo direction,fisrt
I,0.377561714,380,echo direction,fisrt
I,0.387833388,390,echo direction,fisrt
I,0.398730638,400,echo direction,fisrt
I,0.409211414,410,echo direction,fisrt
I,0.419190487,420,echo direction,fisrt
I,0.428576816,430,echo direction,fisrt
I,0.437274905,440,echo direction,fisrt
I,0.44914941,450,echo direction,fisrt
I,0.451647829,460,echo direction,fisrt
I,0.453204065,470,echo direction,fisrt
I,0.453315322,480,echo direction,fisrt
I,0.447866296,490,echo direction,fisrt
I,0.441559013,500,echo direction,fisrt
I,0.434100792,510,echo direction,fisrt
I,0.425233997,520,echo direction,fisrt
I,0.411133619,530,echo direction,fisrt
I,0.395933468,540,echo direction,fisrt
I,0.359473195,550,echo direction,fisrt
I,0.353142158,560,echo direction,fisrt
I,0.33124707,570,echo direction,fisrt
I,0.300144085,580,echo direction,fisrt
I,0.273662815,590,echo direction,fisrt
I,0.246240152,600,echo direction,fisrt
I,0.666959503,-100,pulse direction,last
I,0.591716336,-90,pulse direction,last
I,0.630885765,-80,pulse direction,last
I,0.665554559,-70,pulse direction,last
I,0.694837164,-60,pulse direction,last
I,0.718152579,-50,pulse direction,last
I,0.73527193,-40,pulse direction,last
I,0.746308094,-30,pulse direction,last
I,0.675536973,-20,pulse direction,last
I,0.691451794,-10,pulse direction,last
I,0.671756549,0,pulse direction,last
I,0.662570466,10,pulse direction,last
I,0.665154853,20,pulse direction,last
I,0.677882566,30,pulse direction,last
I,0.67759405,40,pulse direction,last
I,0.672203726,50,pulse direction,last
I,0.662162069,60,pulse direction,last
I,0.64805802,70,pulse direction,last
I,0.630546578,80,pulse direction,last
I,0.610285204,90,pulse direction,last
I,0.588087093,100,pulse direction,last
I,0.564077744,110,pulse direction,last
I,0.53892067,120,pulse direction,last
I,0.512979359,130,pulse direction,last
I,0.486534927,140,pulse direction,last
I,0.459796289,150,pulse direction,last
I,0.432911715,160,pulse direction,last
I,0.40598017,170,pulse direction,last
I,0.379061557,180,pulse direction,last
I,0.35218548,190,pulse direction,last
I,0.32539809,200,pulse direction,last
I,0.298622967,210,pulse direction,last
I,0.271863627,220,pulse direction,last
I,0.245087836,230,pulse direction,last
I,0.218257166,240,pulse direction,last
I,0.19132916,250,pulse direction,last
I,0.164259027,260,pulse direction,last
I,0.137000979,270,pulse direction,last
I,0.109509321,280,pulse direction,last
I,0.081739389,290,pulse direction,last
I,0.053648379,300,pulse direction,last
I,0.020524024,310,pulse direction,last
I,-0.003391332,320,pulse direction,last
I,-0.044149951,330,pulse direction,last
I,-0.062352174,340,pulse direction,last
I,-0.092566555,350,pulse direction,last
I,-0.12327012,360,pulse direction,last
I,-0.154467665,370,pulse direction,last
I,-0.186153848,380,pulse direction,last
I,-0.218311628,390,pulse direction,last
I,-0.250910619,400,pulse direction,last
I,-0.283905374,410,pulse direction,last
I,-0.317233676,420,pulse direction,last
I,-0.350814934,430,pulse direction,last
I,-0.384459128,440,pulse direction,last
I,-0.418209929,450,pulse direction,last
I,-0.451848939,460,pulse direction,last
I,-0.485212679,470,pulse direction,last
I,-0.518117581,480,pulse direction,last
I,-0.550362048,490,pulse direction,last
I,-0.603436674,500,pulse direction,last
I,-0.630219731,510,pulse direction,last
I,-0.655785021,520,pulse direction,last
I,-0.679927254,530,pulse direction,last
I,-0.702440822,540,pulse direction,last
I,-0.723125504,550,pulse direction,last
I,-0.741792583,560,pulse direction,last
I,-0.755589206,570,pulse direction,last
I,-0.767767653,580,pulse direction,last
I,-0.777714629,590,pulse direction,last
I,-0.805842845,600,pulse direction,last
I,-0.03300157,-100,echo direction,last
I,-0.005404029,-90,echo direction,last
I,0.036758552,-80,echo direction,last
I,0.079503394,-70,echo direction,last
I,0.12194205,-60,echo direction,last
I,0.163203197,-50,echo direction,last
I,0.202517859,-40,echo direction,last
I,0.239283447,-30,echo direction,last
I,0.244990849,-20,echo direction,last
I,0.278248058,-10,echo direction,last
I,0.309288988,0,echo direction,last
I,0.33854786,10,echo direction,last
I,0.358080463,20,echo direction,last
I,0.389022667,30,echo direction,last
I,0.410066114,40,echo direction,last
I,0.428032211,50,echo direction,last
I,0.442871134,60,echo direction,last
I,0.454676715,70,echo direction,last
I,0.463652263,80,echo direction,last
I,0.470071632,90,echo direction,last
I,0.474152521,100,echo direction,last
I,0.476396713,110,echo direction,last
I,0.477003067,120,echo direction,last
I,0.476241271,130,echo direction,last
I,0.474346901,140,echo direction,last
I,0.47151994,150,echo direction,last
I,0.46792621,160,echo direction,last
I,0.463700433,170,echo direction,last
I,0.458949974,180,echo direction,last
I,0.453758713,190,echo direction,last
I,0.448201724,200,echo direction,last
I,0.442308238,210,echo direction,last
I,0.436119402,220,echo direction,last
I,0.429657531,230,echo direction,last
I,0.422935486,240,echo direction,last
I,0.415958268,250,echo direction,last
I,0.408724305,260,echo direction,last
I,0.401226482,270,echo direction,last
I,0.393452968,280,echo direction,last
I,0.385387883,290,echo direction,last
I,0.377011837,300,echo direction,last
I,0.351785507,310,echo direction,last
I,0.359412229,320,echo direction,last
I,0.351711291,330,echo direction,last
I,0.340051563,340,echo direction,last
I,0.329744713,350,echo direction,last
I,0.318961254,360,echo direction,last
I,0.307668403,370,echo direction,last
I,0.295833211,380,echo direction,last
I,0.28342322,390,echo direction,last
I,0.270407248,400,echo direction,last
I,0.256756306,410,echo direction,last
I,0.242444673,420,echo direction,last
I,0.227451106,430,echo direction,last
I,0.211843882,440,echo direction,last
I,0.195459337,450,echo direction,last
I,0.178370742,460,echo direction,last
I,0.160588974,470,echo direction,last
I,0.142136522,480,echo direction,last
I,0.123048635,490,echo direction,last
I,0.025845857,500,echo direction,last
I,-0.017219081,510,echo direction,last
I,-0.061079397,520,echo direction,last
I,-0.105552817,530,echo direction,last
I,-0.150431339,540,echo direction,last
I,-0.195484233,550,echo direction,last
I,-0.24046238,560,echo direction,last
I,-0.270217613,570,echo direction,last
I,-0.313225965,580,echo direction,last
I,-0.355690092,590,echo direction,last
I,-0.349912135,600,echo direction,last
MF,0.197746483,-100,pulse direction,first
MF,0.198070339,-90,pulse direction,first
MF,0.241475603,-80,pulse direction,first
MF,0.284571028,-70,pulse direction,first
MF,0.32653853,-60,pulse direction,first
MF,0.366483666,-50,pulse direction,first
MF,0.351674535,-40,pulse direction,first
MF,0.391452352,-30,pulse direction,first
MF,0.322952393,-20,pulse direction,first
MF,0.357196765,-10,pulse direction,first
MF,0.349381563,0,pulse direction,first
MF,0.34727011,10,pulse direction,first
MF,0.378355799,20,pulse direction,first
MF,0.407458336,30,pulse direction,first
MF,0.433977333,40,pulse direction,first
MF,0.457394949,50,pulse direction,first
MF,0.481948536,60,pulse direction,first
MF,0.493443413,70,pulse direction,first
MF,0.505799159,80,pulse direction,first
MF,0.514435156,90,pulse direction,first
MF,0.519520034,100,pulse direction,first
MF,0.521333018,110,pulse direction,first
MF,0.520204943,120,pulse direction,first
MF,0.516486341,130,pulse direction,first
MF,0.51052239,140,pulse direction,first
MF,0.502635543,150,pulse direction,first
MF,0.493175535,160,pulse direction,first
MF,0.482270978,170,pulse direction,first
MF,0.470197123,180,pulse direction,first
MF,0.457109239,190,pulse direction,first
MF,0.443196121,200,pulse direction,first
MF,0.428547918,210,pulse direction,first
MF,0.413254169,220,pulse direction,first
MF,0.397383706,230,pulse direction,first
MF,0.380988393,240,pulse direction,first
MF,0.36410647,250,pulse direction,first
MF,0.346765469,260,pulse direction,first
MF,0.328984769,270,pulse direction,first
MF,0.310777798,280,pulse direction,first
MF,0.292153968,290,pulse direction,first
MF,0.273120366,300,pulse direction,first
MF,0.253683253,310,pulse direction,first
MF,0.233849419,320,pulse direction,first
MF,0.213588988,330,pulse direction,first
MF,0.192989762,340,pulse direction,first
MF,0.172029096,350,pulse direction,first
MF,0.150726884,360,pulse direction,first
MF,0.129108488,370,pulse direction,first
MF,0.10720536,380,pulse direction,first
MF,0.085207321,390,pulse direction,first
MF,0.062860266,400,pulse direction,first
MF,0.040362644,410,pulse direction,first
MF,0.017772825,420,pulse direction,first
MF,-0.004854996,430,pulse direction,first
MF,-0.027430081,440,pulse direction,first
MF,-0.049704213,450,pulse direction,first
MF,-0.071886375,460,pulse direction,first
MF,-0.093814635,470,pulse direction,first
MF,-0.115441771,480,pulse direction,first
MF,-0.166012252,490,pulse direction,first
MF,-0.197056725,500,pulse direction,first
MF,-0.259420557,510,pulse direction,first
MF,-0.2813061,520,pulse direction,first
MF,-0.302231082,530,pulse direction,first
MF,-0.322114578,540,pulse direction,first
MF,-0.340888715,550,pulse direction,first
MF,-0.358499685,560,pulse direction,first
MF,-0.390468799,570,pulse direction,first
MF,-0.422685389,580,pulse direction,first
MF,-0.437320273,590,pulse direction,first
MF,-0.57837522,600,pulse direction,first
MF,-0.444915175,-100,echo direction,first
MF,-0.398092933,-90,echo direction,first
MF,-0.372879779,-80,echo direction,first
MF,-0.343678243,-70,echo direction,first
MF,-0.310413938,-60,echo direction,first
MF,-0.27359856,-50,echo direction,first
MF,-0.155801187,-40,echo direction,first
MF,-0.132307276,-30,echo direction,first
MF,-0.061509429,-20,echo direction,first
MF,-0.032622458,-10,echo direction,first
MF,-0.024597614,0,echo direction,first
MF,-0.014230235,10,echo direction,first
MF,0.018385917,20,echo direction,first
MF,0.052690316,30,echo direction,first
MF,0.08822248,40,echo direction,first
MF,0.124461296,50,echo direction,first
MF,0.175788468,60,echo direction,first
MF,0.196751561,70,echo direction,first
MF,0.231871168,80,echo direction,first
MF,0.265907304,90,echo direction,first
MF,0.298476349,100,echo direction,first
MF,0.32940315,110,echo direction,first
MF,0.358603345,120,echo direction,first
MF,0.386067548,130,echo direction,first
MF,0.41184313,140,echo direction,first
MF,0.436016506,150,echo direction,first
MF,0.458683157,160,echo direction,first
MF,0.479996957,170,echo direction,first
MF,0.500062501,180,echo direction,first
MF,0.518975066,190,echo direction,first
MF,0.536894371,200,echo direction,first
MF,0.553890556,210,echo direction,first
MF,0.570048361,220,echo direction,first
MF,0.58543898,230,echo direction,first
MF,0.600120061,240,echo direction,first
MF,0.614136046,250,echo direction,first
MF,0.627518679,260,echo direction,first
MF,0.640287609,270,echo direction,first
MF,0.652451032,280,echo direction,first
MF,0.664006328,290,echo direction,first
MF,0.674940707,300,echo direction,first
MF,0.685231858,310,echo direction,first
MF,0.694848625,320,echo direction,first
MF,0.703771267,330,echo direction,first
MF,0.71191584,340,echo direction,first
MF,0.719247363,350,echo direction,first
MF,0.725707443,360,echo direction,first
MF,0.731233452,370,echo direction,first
MF,0.735759852,380,echo direction,first
MF,0.739252025,390,echo direction,first
MF,0.741583021,400,echo direction,first
MF,0.742716201,410,echo direction,first
MF,0.742590549,420,echo direction,first
MF,0.741182892,430,echo direction,first
MF,0.738386344,440,echo direction,first
MF,0.734053147,450,echo direction,first
MF,0.728282641,460,echo direction,first
MF,0.721232772,470,echo direction,first
MF,0.712723439,480,echo direction,first
MF,0.674458026,490,echo direction,first
MF,0.669158165,500,echo direction,first
MF,0.630549304,510,echo direction,first
MF,0.613855744,520,echo direction,first
MF,0.595815693,530,echo direction,first
MF,0.576519217,540,echo direction,first
MF,0.556068067,550,echo direction,first
MF,0.534572872,560,echo direction,first
MF,0.49444343,570,echo direction,first
MF,0.450182975,580,echo direction,first
MF,0.424280115,590,echo direction,first
MF,0.353588883,600,echo direction,first
MF,-0.223560785,-100,pulse direction,last
MF,-0.254847182,-90,pulse direction,last
MF,-0.14848254,-80,pulse direction,last
MF,-0.1763819,-70,pulse direction,last
MF,-0.196169388,-60,pulse direction,last
MF,-0.20718255,-50,pulse direction,last
MF,-0.208606356,-40,pulse direction,last
MF,-0.066389823,-30,pulse direction,last
MF,-0.074344693,-20,pulse direction,last
MF,0.000549762,-10,pulse direction,last
MF,0.036581707,0,pulse direction,last
MF,0.06533016,10,pulse direction,last
MF,0.060468408,20,pulse direction,last
MF,0.06029232,30,pulse direction,last
MF,0.064834286,40,pulse direction,last
MF,0.073787712,50,pulse direction,last
MF,0.086926292,60,pulse direction,last
MF,0.103731637,70,pulse direction,last
MF,0.123757114,80,pulse direction,last
MF,0.146456905,90,pulse direction,last
MF,0.171782792,100,pulse direction,last
MF,0.199186559,110,pulse direction,last
MF,0.228658613,120,pulse direction,last
MF,0.259812598,130,pulse direction,last
MF,0.292624491,140,pulse direction,last
MF,0.326849767,150,pulse direction,last
MF,0.362326166,160,pulse direction,last
MF,0.398879665,170,pulse direction,last
MF,0.436313647,180,pulse direction,last
MF,0.474398766,190,pulse direction,last
MF,0.51286374,200,pulse direction,last
MF,0.551387538,210,pulse direction,last
MF,0.589593725,220,pulse direction,last
MF,0.627048002,230,pulse direction,last
MF,0.663260139,240,pulse direction,last
MF,0.697691524,250,pulse direction,last
MF,0.729769237,260,pulse direction,last
MF,0.758906932,270,pulse direction,last
MF,0.784038762,280,pulse direction,last
MF,0.805888038,290,pulse direction,last
MF,0.823026004,300,pulse direction,last
MF,0.833963214,310,pulse direction,last
MF,0.842624439,320,pulse direction,last
MF,0.844729896,330,pulse direction,last
MF,0.841750134,340,pulse direction,last
MF,0.833900661,350,pulse direction,last
MF,0.821428476,360,pulse direction,last
MF,0.804674343,370,pulse direction,last
MF,0.784094956,380,pulse direction,last
MF,0.760074807,390,pulse direction,last
MF,0.733027839,400,pulse direction,last
MF,0.70333976,410,pulse direction,last
MF,0.671353204,420,pulse direction,last
MF,0.637624868,430,pulse direction,last
MF,0.601846666,440,pulse direction,last
MF,0.564459334,450,pulse direction,last
MF,0.525572185,460,pulse direction,last
MF,0.485234514,470,pulse direction,last
MF,0.443437659,480,pulse direction,last
MF,0.40011773,490,pulse direction,last
MF,0.355159192,500,pulse direction,last
MF,0.308399942,510,pulse direction,last
MF,0.2596392,520,pulse direction,last
MF,0.208650354,530,pulse direction,last
MF,0.138573601,540,pulse direction,last
MF,0.088738753,550,pulse direction,last
MF,0.022703888,560,pulse direction,last
MF,-0.025858864,570,pulse direction,last
MF,-0.085349859,580,pulse direction,last
MF,-0.140804162,590,pulse direction,last
MF,-0.185367252,600,pulse direction,last
MF,-0.566085555,-100,echo direction,last
MF,-0.604611661,-90,echo direction,last
MF,-0.487588312,-80,echo direction,last
MF,-0.528870984,-70,echo direction,last
MF,-0.561329007,-60,echo direction,last
MF,-0.583902438,-50,echo direction,last
MF,-0.596265814,-40,echo direction,last
MF,-0.457752207,-30,echo direction,last
MF,-0.481280201,-20,echo direction,last
MF,-0.39368478,-10,echo direction,last
MF,-0.367632035,0,echo direction,last
MF,-0.352717594,10,echo direction,last
MF,-0.377137089,20,echo direction,last
MF,-0.394024306,30,echo direction,last
MF,-0.403293605,40,echo direction,last
MF,-0.405493058,50,echo direction,last
MF,-0.401341355,60,echo direction,last
MF,-0.39183445,70,echo direction,last
MF,-0.377871495,80,echo direction,last
MF,-0.360279534,90,echo direction,last
MF,-0.339529256,100,echo direction,last
MF,-0.316461611,110,echo direction,last
MF,-0.29069154,120,echo direction,last
MF,-0.262794993,130,echo direction,last
MF,-0.232826608,140,echo direction,last
MF,-0.200876795,150,echo direction,last
MF,-0.166965328,160,echo direction,last
MF,-0.131092236,170,echo direction,last
MF,-0.093253437,180,echo direction,last
MF,-0.053455159,190,echo direction,last
MF,-0.011727731,200,echo direction,last
MF,0.031861013,210,echo direction,last
MF,0.077192822,220,echo direction,last
MF,0.124087171,230,echo direction,last
MF,0.172291423,240,echo direction,last
MF,0.221474388,250,echo direction,last
MF,0.271224864,260,echo direction,last
MF,0.321056677,270,echo direction,last
MF,0.365459834,280,echo direction,last
MF,0.418345562,290,echo direction,last
MF,0.464997263,300,echo direction,last
MF,0.51137157,310,echo direction,last
MF,0.550971336,320,echo direction,last
MF,0.589338059,330,echo direction,last
MF,0.624075958,340,echo direction,last
MF,0.654571443,350,echo direction,last
MF,0.681402314,360,echo direction,last
MF,0.704013984,370,echo direction,last
MF,0.722753654,380,echo direction,last
MF,0.737561006,390,echo direction,last
MF,0.748596357,400,echo direction,last
MF,0.756048308,410,echo direction,last
MF,0.760114707,420,echo direction,last
MF,0.761041785,430,echo direction,last
MF,0.758895288,440,echo direction,last
MF,0.753859879,450,echo direction,last
MF,0.746031952,460,echo direction,last
MF,0.73545864,470,echo direction,last
MF,0.722130521,480,echo direction,last
MF,0.705974395,490,echo direction,last
MF,0.686845802,500,echo direction,last
MF,0.664521205,510,echo direction,last
MF,0.638690353,520,echo direction,last
MF,0.608950175,530,echo direction,last
MF,0.579629546,540,echo direction,last
MF,0.549016141,550,echo direction,last
MF,0.507632729,560,echo direction,last
MF,0.474966091,570,echo direction,last
MF,0.434017786,580,echo direction,last
MF,0.394951942,590,echo direction,last
MF,0.359527684,600,echo direction,last
MH,-0.701516659,-100,pulse direction,first
MH,-0.68106095,-90,pulse direction,first
MH,-0.655742537,-80,pulse direction,first
MH,-0.580107076,-70,pulse direction,first
MH,-0.559988952,-60,pulse direction,first
MH,-0.53552092,-50,pulse direction,first
MH,-0.507243239,-40,pulse direction,first
MH,-0.441092747,-30,pulse direction,first
MH,-0.417004843,-20,pulse direction,first
MH,-0.389435912,-10,pulse direction,first
MH,-0.358029814,0,pulse direction,first
MH,-0.330556976,10,pulse direction,first
MH,-0.300036211,20,pulse direction,first
MH,-0.267024516,30,pulse direction,first
MH,-0.231531016,40,pulse direction,first
MH,-0.194334119,50,pulse direction,first
MH,-0.156212425,60,pulse direction,first
MH,-0.117226755,70,pulse direction,first
MH,-0.077993276,80,pulse direction,first
MH,-0.038844097,90,pulse direction,first
MH,-3.13E-05,100,pulse direction,first
MH,0.038266051,110,pulse direction,first
MH,0.075931797,120,pulse direction,first
MH,0.112900242,130,pulse direction,first
MH,0.149144514,140,pulse direction,first
MH,0.180352467,150,pulse direction,first
MH,0.22011771,160,pulse direction,first
MH,0.252860322,170,pulse direction,first
MH,0.284984891,180,pulse direction,first
MH,0.316538914,190,pulse direction,first
MH,0.353020001,200,pulse direction,first
MH,0.382103555,210,pulse direction,first
MH,0.410743448,220,pulse direction,first
MH,0.451398566,230,pulse direction,first
MH,0.4774173,240,pulse direction,first
MH,0.522040526,250,pulse direction,first
MH,0.545269821,260,pulse direction,first
MH,0.568100475,270,pulse direction,first
MH,0.590517169,280,pulse direction,first
MH,0.61249075,290,pulse direction,first
MH,0.652264527,300,pulse direction,first
MH,0.671080394,310,pulse direction,first
MH,0.700053348,320,pulse direction,first
MH,0.726720598,330,pulse direction,first
MH,0.741076179,340,pulse direction,first
MH,0.764253795,350,pulse direction,first
MH,0.774964831,360,pulse direction,first
MH,0.784614072,370,pulse direction,first
MH,0.793102227,380,pulse direction,first
MH,0.800444714,390,pulse direction,first
MH,0.806212306,400,pulse direction,first
MH,0.810401613,410,pulse direction,first
MH,0.812686083,420,pulse direction,first
MH,0.83231084,430,pulse direction,first
MH,0.826651351,440,pulse direction,first
MH,0.822455631,450,pulse direction,first
MH,0.814404889,460,pulse direction,first
MH,0.800597796,470,pulse direction,first
MH,0.784591032,480,pulse direction,first
MH,0.766560939,490,pulse direction,first
MH,0.745470674,500,pulse direction,first
MH,0.722195186,510,pulse direction,first
MH,0.696734999,520,pulse direction,first
MH,0.669111637,530,pulse direction,first
MH,0.639426363,540,pulse direction,first
MH,0.613144316,550,pulse direction,first
MH,0.581013666,560,pulse direction,first
MH,0.54727073,570,pulse direction,first
MH,0.514159587,580,pulse direction,first
MH,0.478207453,590,pulse direction,first
MH,0.440937267,600,pulse direction,first
MH,-0.55424957,-100,echo direction,first
MH,-0.51885263,-90,echo direction,first
MH,-0.479967366,-80,echo direction,first
MH,-0.359992669,-70,echo direction,first
MH,-0.331398822,-60,echo direction,first
MH,-0.299947006,-50,echo direction,first
MH,-0.266211783,-40,echo direction,first
MH,-0.174475893,-30,echo direction,first
MH,-0.14789935,-20,echo direction,first
MH,-0.119450339,-10,echo direction,first
MH,-0.087238574,0,echo direction,first
MH,-0.057982504,10,echo direction,first
MH,-0.029111428,20,echo direction,first
MH,0.000689429,30,echo direction,first
MH,0.031518631,40,echo direction,first
MH,0.062752801,50,echo direction,first
MH,0.093873857,60,echo direction,first
MH,0.124900237,70,echo direction,first
MH,0.155466922,80,echo direction,first
MH,0.185420448,90,echo direction,first
MH,0.214664737,100,echo direction,first
MH,0.24315124,110,echo direction,first
MH,0.270868189,120,echo direction,first
MH,0.297830317,130,echo direction,first
MH,0.324069806,140,echo direction,first
MH,0.353585351,150,echo direction,first
MH,0.388024173,160,echo direction,first
MH,0.410346019,170,echo direction,first
MH,0.432129551,180,echo direction,first
MH,0.453418869,190,echo direction,first
MH,0.493009982,200,echo direction,first
MH,0.51122988,210,echo direction,first
MH,0.529035398,220,echo direction,first
MH,0.563003349,230,echo direction,first
MH,0.577800112,240,echo direction,first
MH,0.604906101,250,echo direction,first
MH,0.616888968,260,echo direction,first
MH,0.628432797,270,echo direction,first
MH,0.639500971,280,echo direction,first
MH,0.650045673,290,echo direction,first
MH,0.676181363,300,echo direction,first
MH,0.683159367,310,echo direction,first
MH,0.705952605,320,echo direction,first
MH,0.726083269,330,echo direction,first
MH,0.727107904,340,echo direction,first
MH,0.732866578,350,echo direction,first
MH,0.730078065,360,echo direction,first
MH,0.726052458,370,echo direction,first
MH,0.720718733,380,echo direction,first
MH,0.714198587,390,echo direction,first
MH,0.705884671,400,echo direction,first
MH,0.695906997,410,echo direction,first
MH,0.684149886,420,echo direction,first
MH,0.670720235,430,echo direction,first
MH,0.654488398,440,echo direction,first
MH,0.63648771,450,echo direction,first
MH,0.616815463,460,echo direction,first
MH,0.595287713,470,echo direction,first
MH,0.571922459,480,echo direction,first
MH,0.549612874,490,echo direction,first
MH,0.523701677,500,echo direction,first
MH,0.49608101,510,echo direction,first
MH,0.466783773,520,echo direction,first
MH,0.435861949,530,echo direction,first
MH,0.403650669,540,echo direction,first
MH,0.375451352,550,echo direction,first
MH,0.341991358,560,echo direction,first
MH,0.307469032,570,echo direction,first
MH,0.28155743,580,echo direction,first
MH,0.247341134,590,echo direction,first
MH,0.212340026,600,echo direction,first
MH,-0.162682989,-100,pulse direction,last
MH,-0.109007983,-90,pulse direction,last
MH,-0.030413156,-80,pulse direction,last
MH,0.015709024,-70,pulse direction,last
MH,0.061780717,-60,pulse direction,last
MH,0.107366679,-50,pulse direction,last
MH,0.164800091,-40,pulse direction,last
MH,0.206838077,-30,pulse direction,last
MH,0.241537166,-20,pulse direction,last
MH,0.271852833,-10,pulse direction,last
MH,0.268274721,0,pulse direction,last
MH,0.277529065,10,pulse direction,last
MH,0.324590457,20,pulse direction,last
MH,0.369036463,30,pulse direction,last
MH,0.410691538,40,pulse direction,last
MH,0.449510895,50,pulse direction,last
MH,0.485558478,60,pulse direction,last
MH,0.518941204,70,pulse direction,last
MH,0.549805693,80,pulse direction,last
MH,0.578308897,90,pulse direction,last
MH,0.604172348,100,pulse direction,last
MH,0.621620092,110,pulse direction,last
MH,0.640668202,120,pulse direction,last
MH,0.658594393,130,pulse direction,last
MH,0.667862333,140,pulse direction,last
MH,0.679969833,150,pulse direction,last
MH,0.707166912,160,pulse direction,last
MH,0.700098776,170,pulse direction,last
MH,0.708440822,180,pulse direction,last
MH,0.715468266,190,pulse direction,last
MH,0.721119677,200,pulse direction,last
MH,0.718513068,210,pulse direction,last
MH,0.71807086,220,pulse direction,last
MH,0.716147191,230,pulse direction,last
MH,0.712619227,240,pulse direction,last
MH,0.705426606,250,pulse direction,last
MH,0.698899819,260,pulse direction,last
MH,0.690560514,270,pulse direction,last
MH,0.680229128,280,pulse direction,last
MH,0.667718767,290,pulse direction,last
MH,0.652270338,300,pulse direction,last
MH,0.635388243,310,pulse direction,last
MH,0.604415403,320,pulse direction,last
MH,0.579478526,330,pulse direction,last
MH,0.551567576,340,pulse direction,last
MH,0.520553712,350,pulse direction,last
MH,0.48383691,360,pulse direction,last
MH,0.446387549,370,pulse direction,last
MH,0.405564011,380,pulse direction,last
MH,0.361426813,390,pulse direction,last
MH,0.313740871,400,pulse direction,last
MH,0.263465835,410,pulse direction,last
MH,0.210756631,420,pulse direction,last
MH,0.219208362,430,pulse direction,last
MH,0.16686754,440,pulse direction,last
MH,0.112733347,450,pulse direction,last
MH,0.102666114,460,pulse direction,last
MH,0.049258975,470,pulse direction,last
MH,-0.004185265,480,pulse direction,last
MH,0.014664762,490,pulse direction,last
MH,-0.036318335,500,pulse direction,last
MH,-0.087462772,510,pulse direction,last
MH,-0.138277279,520,pulse direction,last
MH,-0.188279139,530,pulse direction,last
MH,-0.237014853,540,pulse direction,last
MH,-0.226503505,550,pulse direction,last
MH,-0.268990195,560,pulse direction,last
MH,-0.28528544,570,pulse direction,last
MH,-0.294209614,580,pulse direction,last
MH,-0.328376621,590,pulse direction,last
MH,-0.361080719,600,pulse direction,last
MH,-0.163607215,-100,echo direction,last
MH,-0.127930949,-90,echo direction,last
MH,-0.003083207,-80,echo direction,last
MH,0.010957078,-70,echo direction,last
MH,0.026550195,-60,echo direction,last
MH,0.043491758,-50,echo direction,last
MH,0.097538511,-40,echo direction,last
MH,0.130973088,-30,echo direction,last
MH,0.130697533,-20,echo direction,last
MH,0.132934729,-10,echo direction,last
MH,0.095090604,0,echo direction,last
MH,0.077817738,10,echo direction,last
MH,0.102529551,20,echo direction,last
MH,0.127120587,30,echo direction,last
MH,0.151377204,40,echo direction,last
MH,0.175131019,50,echo direction,last
MH,0.198331575,60,echo direction,last
MH,0.220894839,70,echo direction,last
MH,0.242793123,80,echo direction,last
MH,0.264016554,90,echo direction,last
MH,0.284099105,100,echo direction,last
MH,0.271226858,110,echo direction,last
MH,0.286535136,120,echo direction,last
MH,0.301853217,130,echo direction,last
MH,0.286924162,140,echo direction,last
MH,0.297727897,150,echo direction,last
MH,0.313372095,160,echo direction,last
MH,0.318327329,170,echo direction,last
MH,0.328204017,180,echo direction,last
MH,0.337696224,190,echo direction,last
MH,0.346750693,200,echo direction,last
MH,0.329710187,210,echo direction,last
MH,0.334171714,220,echo direction,last
MH,0.338109108,230,echo direction,last
MH,0.341444455,240,echo direction,last
MH,0.327547858,250,echo direction,last
MH,0.32745095,260,echo direction,last
MH,0.326578331,270,echo direction,last
MH,0.32482698,280,echo direction,last
MH,0.32208808,290,echo direction,last
MH,0.318776806,300,echo direction,last
MH,0.31327828,310,echo direction,last
MH,0.30121117,320,echo direction,last
MH,0.293104256,330,echo direction,last
MH,0.283545287,340,echo direction,last
MH,0.272436605,350,echo direction,last
MH,0.266528196,360,echo direction,last
MH,0.253408118,370,echo direction,last
MH,0.238546458,380,echo direction,last
MH,0.22190906,390,echo direction,last
MH,0.202745918,400,echo direction,last
MH,0.182585044,410,echo direction,last
MH,0.160957815,420,echo direction,last
MH,0.167754108,430,echo direction,last
MH,0.14647288,440,echo direction,last
MH,0.123861996,450,echo direction,last
MH,0.14312965,460,echo direction,last
MH,0.12256576,470,echo direction,last
MH,0.101544705,480,echo direction,last
MH,0.132208458,490,echo direction,last
MH,0.113803255,500,echo direction,last
MH,0.094555393,510,echo direction,last
MH,0.074651401,520,echo direction,last
MH,0.054292561,530,echo direction,last
MH,0.033686116,540,echo direction,last
MH,0.066903059,550,echo direction,last
MH,0.050735974,560,echo direction,last
MH,0.067100336,570,echo direction,last
MH,0.091753406,580,echo direction,last
MH,0.081420294,590,echo direction,last
MH,0.070814048,600,echo direction,last
